{
    "Vega_zeropoints": {
        "GALEX_NUV_Vega": 0.4638133,
        "GALEX_FUV_Vega": 0.09411333,
        "SDSS_u_Vega": 0.0007986921,
        "SDSS_g_Vega": 0.01071783,
        "SDSS_r_Vega": 0.008455695,
        "SDSS_i_Vega": 0.00462498,
        "SDSS_z_Vega": 0.0006676051,
        "DECam_u_Vega": 0.0008177943,
        "DECam_g_Vega": 0.01903633,
        "DECam_r_Vega": 0.01684878,
        "DECam_i_Vega": 0.01283454,
        "DECam_z_Vega": 0.009031628,
        "DECam_Y_Vega": 0.003316464,
        "HSC_g_Vega": 0.01497881,
        "HSC_r_Vega": 0.01150771,
        "HSC_r2_Vega": 0.01270496,
        "HSC_i_Vega": 0.007319484,
        "HSC_i2_Vega": 0.007188806,
        "HSC_z_Vega": 0.002760566,
        "HSC_Y_Vega": 0.001945597,
        "LSST_u_Vega": 0.01782632,
        "LSST_g_Vega": 0.1423635,
        "LSST_r_Vega": 0.09468552,
        "LSST_i_Vega": 0.05861893,
        "LSST_z_Vega": 0.03521813,
        "LSST_y_Vega": 0.01643208,
        "Euclid_Y_Vega": 0.007743718,
        "Euclid_J_Vega": 0.007092825,
        "Euclid_H_Vega": 0.004253855,
        "UKIDSS_Z_Vega": 0.001284425,
        "UKIDSS_Y_Vega": 0.001119803,
        "UKIDSS_J_Vega": 0.001179108,
        "UKIDSS_H_Vega": 0.001409765,
        "UKIDSS_K_Vega": 0.0006859715,
        "VISTA_Z_Vega": 0.007195167,
        "VISTA_Y_Vega": 0.004610067,
        "VISTA_J_Vega": 0.005395487,
        "VISTA_H_Vega": 0.005122664,
        "VISTA_Ks_Vega": 0.002727685,
        "WISE_W1_Vega": 0.001810656,
        "WISE_W2_Vega": 0.001156727,
        "WISE_W3_Vega": 0.0003901671,
        "WISE_W4_Vega": 4.489671e-05,
        "BOK_g_Vega": 0.01535034,
        "BOK_r_Vega": 0.009710702,
        "MzLS_z_Vega": 0.004706509,
        "W1_photon_Vega": 0.001671269,
        "W2_photon_Vega": 0.0008870422,
        "W3_photon_Vega": 0.0002196705,
        "W4_photon_Vega": 1.315601e-05
    },
    "AB_zeropoints": {
        "GALEX_NUV_AB": 2.143184,
        "GALEX_FUV_AB": 0.6682505,
        "SDSS_u_AB": 0.001857387,
        "SDSS_g_AB": 0.009721695,
        "SDSS_r_AB": 0.009641594,
        "SDSS_i_AB": 0.006418155,
        "SDSS_z_AB": 0.001078642,
        "DECam_u_AB": 0.001104899,
        "DECam_g_AB": 0.01742508,
        "DECam_r_AB": 0.01991803,
        "DECam_i_AB": 0.01868959,
        "DECam_z_AB": 0.01455719,
        "DECam_Y_AB": 0.005599771,
        "HSC_g_AB": 0.01364416,
        "HSC_r_AB": 0.01313723,
        "HSC_r2_AB": 0.01450169,
        "HSC_i_AB": 0.01044899,
        "HSC_i2_AB": 0.01033459,
        "HSC_z_AB": 0.004426118,
        "HSC_Y_AB": 0.003224177,
        "LSST_u_AB": 0.03219424,
        "LSST_g_AB": 0.1298923,
        "LSST_r_AB": 0.1083751,
        "LSST_i_AB": 0.0818837,
        "LSST_z_AB": 0.05619859,
        "LSST_y_AB": 0.02718541,
        "Euclid_Y_AB": 0.01454023,
        "Euclid_J_AB": 0.01846444,
        "Euclid_H_AB": 0.01634865,
        "UKIDSS_Z_AB": 0.002060514,
        "UKIDSS_Y_AB": 0.001972653,
        "UKIDSS_J_AB": 0.002739415,
        "UKIDSS_H_AB": 0.0048974,
        "UKIDSS_K_AB": 0.003844725,
        "VISTA_Z_AB": 0.01152809,
        "VISTA_Y_AB": 0.008005087,
        "VISTA_J_AB": 0.01255071,
        "VISTA_H_AB": 0.01793209,
        "VISTA_Ks_AB": 0.01460059,
        "WISE_W1_AB": 0.02134738,
        "WISE_W2_AB": 0.02450814,
        "WISE_W3_AB": 0.04859685,
        "WISE_W4_AB": 0.02006357,
        "BOK_g_AB": 0.01399249,
        "BOK_r_AB": 0.01142863,
        "MzLS_z_AB": 0.00758911,
        "W1_photon_AB": 0.01946656,
        "W2_photon_AB": 0.01862272,
        "W3_photon_AB": 0.02497715,
        "W4_photon_AB": 0.005820278
    },
    "Pivot_wv": {
        "GALEX_NUV": 2300.785,
        "GALEX_FUV": 1535.079,
        "SDSS_u": 3556.504,
        "SDSS_g": 4702.498,
        "SDSS_r": 6175.59,
        "SDSS_i": 7489.696,
        "SDSS_z": 8946.671,
        "DECam_u": 3814.109,
        "DECam_g": 4808.494,
        "DECam_r": 6417.648,
        "DECam_i": 7814.584,
        "DECam_z": 9168.857,
        "DECam_Y": 9896.13,
        "HSC_g": 4791.161,
        "HSC_r": 6213.908,
        "HSC_r2": 6212.503,
        "HSC_i": 7688.882,
        "HSC_i2": 7733.227,
        "HSC_z": 8903.107,
        "HSC_Y": 9771.714,
        "LSST_u": 3680.045,
        "LSST_g": 4782.264,
        "LSST_r": 6217.817,
        "LSST_i": 7532.277,
        "LSST_z": 8685.062,
        "LSST_y": 9730.058,
        "Euclid_Y": 10831.14,
        "Euclid_J": 13635.43,
        "Euclid_H": 17560.66,
        "UKIDSS_Z": 8826.351,
        "UKIDSS_Y": 10314.04,
        "UKIDSS_J": 12501.2,
        "UKIDSS_H": 16354.85,
        "UKIDSS_K": 22058.37,
        "VISTA_Z": 8775.776,
        "VISTA_Y": 10207.01,
        "VISTA_J": 12530.34,
        "VISTA_H": 16441.1,
        "VISTA_Ks": 21467.75,
        "WISE_W1": 33896.81,
        "WISE_W2": 46406.36,
        "WISE_W3": 125675.9,
        "WISE_W4": 223141.1,
        "BOK_g": 4768.965,
        "BOK_r": 6390.202,
        "MzLS_z": 9200.332,
        "W1_photon": 33682.25,
        "W2_photon": 46179.11,
        "W3_photon": 120730.8,
        "W4_photon": 221942.0
    },
    "Vega_2_AB": {
        "GALEX_NUV": 1.6618,
        "GALEX_FUV": 2.1282,
        "SDSS_u": 0.9163,
        "SDSS_g": -0.1059,
        "SDSS_r": 0.1425,
        "SDSS_i": 0.3558,
        "SDSS_z": 0.5209,
        "DECam_u": 0.3267,
        "DECam_g": -0.096,
        "DECam_r": 0.1817,
        "DECam_i": 0.408,
        "DECam_z": 0.5183,
        "DECam_Y": 0.5687,
        "HSC_g": -0.1013,
        "HSC_r": 0.1438,
        "HSC_r2": 0.1436,
        "HSC_i": 0.3865,
        "HSC_i2": 0.3941,
        "HSC_z": 0.5126,
        "HSC_Y": 0.5484,
        "LSST_u": 0.6418,
        "LSST_g": -0.0995,
        "LSST_r": 0.1466,
        "LSST_i": 0.3629,
        "LSST_z": 0.5074,
        "LSST_y": 0.5466,
        "Euclid_Y": 0.6841,
        "Euclid_J": 1.0388,
        "Euclid_H": 1.4617,
        "UKIDSS_Z": 0.5132,
        "UKIDSS_Y": 0.6148,
        "UKIDSS_J": 0.9153,
        "UKIDSS_H": 1.352,
        "UKIDSS_K": 1.8714,
        "VISTA_Z": 0.5118,
        "VISTA_Y": 0.5991,
        "VISTA_J": 0.9166,
        "VISTA_H": 1.3603,
        "VISTA_Ks": 1.8214,
        "WISE_W1": 2.6788,
        "WISE_W2": 3.3152,
        "WISE_W3": 5.2384,
        "WISE_W4": 6.6255,
        "BOK_g": -0.1006,
        "BOK_r": 0.1769,
        "MzLS_z": 0.5187,
        "W1_photon": 2.6656,
        "W2_photon": 3.3052,
        "W3_photon": 5.1394,
        "W4_photon": 6.6145
    }
}