{
    "AB_zeropoints": {
        "BOK_g_AB": 0.01399249,
        "BOK_r_AB": 0.01142863,
        "DECam_Y_AB": 0.005599771,
        "DECam_g_AB": 0.01742508,
        "DECam_i_AB": 0.01868959,
        "DECam_r_AB": 0.01991803,
        "DECam_u_AB": 0.001104899,
        "DECam_z_AB": 0.01455719,
        "Euclid_H_AB": 0.01634865,
        "Euclid_J_AB": 0.01846444,
        "Euclid_Y_AB": 0.01454023,
        "GALEX_FUV_AB": 0.6682505,
        "GALEX_NUV_AB": 2.143184,
        "HSC_Y_AB": 0.003159893,
        "HSC_g_AB": 0.01366959,
        "HSC_i2_AB": 0.01033459,
        "HSC_i_AB": 0.01053471,
        "HSC_r2_AB": 0.01450169,
        "HSC_r_AB": 0.01289532,
        "HSC_z_AB": 0.004496931,
        "LSST_g_AB": 0.1298923,
        "LSST_i_AB": 0.0818837,
        "LSST_r_AB": 0.1083751,
        "LSST_u_AB": 0.03219424,
        "LSST_y_AB": 0.02718541,
        "LSST_z_AB": 0.05619859,
        "MzLS_z_AB": 0.00758911,
        "SDSS_g_AB": 0.009721695,
        "SDSS_i_AB": 0.006418155,
        "SDSS_r_AB": 0.009641594,
        "SDSS_u_AB": 0.001857387,
        "SDSS_z_AB": 0.001078642,
        "UKIDSS_H_AB": 0.0048974,
        "UKIDSS_J_AB": 0.002739415,
        "UKIDSS_K_AB": 0.003844725,
        "UKIDSS_Y_AB": 0.001972653,
        "UKIDSS_Z_AB": 0.002060514,
        "VISTA_H_AB": 0.01793209,
        "VISTA_J_AB": 0.01255071,
        "VISTA_Ks_AB": 0.01460059,
        "VISTA_Y_AB": 0.008005087,
        "VISTA_Z_AB": 0.01152809,
        "WISE_W1_AB": 0.01946656,
        "WISE_W2_AB": 0.01862272,
        "WISE_W3_AB": 0.02497715,
        "WISE_W4_AB": 0.005820278
    },
    "Pivot_wv": {
        "BOK_g": 4768.965,
        "BOK_r": 6390.202,
        "DECam_Y": 9896.13,
        "DECam_g": 4808.494,
        "DECam_i": 7814.584,
        "DECam_r": 6417.648,
        "DECam_u": 3814.109,
        "DECam_z": 9168.857,
        "Euclid_H": 17560.66,
        "Euclid_J": 13635.43,
        "Euclid_Y": 10831.14,
        "GALEX_FUV": 1535.079,
        "GALEX_NUV": 2300.785,
        "HSC_Y": 9779.224,
        "HSC_g": 4793.078,
        "HSC_i": 7662.78,
        "HSC_i2": 7733.227,
        "HSC_r": 6207.363,
        "HSC_r2": 6212.503,
        "HSC_z": 8905.616,
        "LSST_g": 4782.264,
        "LSST_i": 7532.277,
        "LSST_r": 6217.817,
        "LSST_u": 3680.045,
        "LSST_y": 9730.058,
        "LSST_z": 8685.062,
        "MzLS_z": 9200.332,
        "SDSS_g": 4702.498,
        "SDSS_i": 7489.696,
        "SDSS_r": 6175.59,
        "SDSS_u": 3556.504,
        "SDSS_z": 8946.671,
        "UKIDSS_H": 16354.85,
        "UKIDSS_J": 12501.2,
        "UKIDSS_K": 22058.37,
        "UKIDSS_Y": 10314.04,
        "UKIDSS_Z": 8826.351,
        "VISTA_H": 16441.1,
        "VISTA_J": 12530.34,
        "VISTA_Ks": 21467.75,
        "VISTA_Y": 10207.01,
        "VISTA_Z": 8775.776,
        "WISE_W1": 33682.25,
        "WISE_W2": 46179.11,
        "WISE_W3": 120730.8,
        "WISE_W4": 221942.0
    },
    "Vega_2_AB": {
        "BOK_g": -0.10055748514168539,
        "BOK_r": 0.17685886485765456,
        "DECam_Y": 0.5687374491977623,
        "DECam_g": -0.09602111037243544,
        "DECam_i": 0.40804866596053224,
        "DECam_r": 0.18169480639014704,
        "DECam_u": 0.32669625325466756,
        "DECam_z": 0.5182787728252919,
        "Euclid_H": 1.461748035493578,
        "Euclid_J": 1.0387922398669232,
        "Euclid_Y": 0.6840543681829497,
        "GALEX_FUV": 2.1282203802545143,
        "GALEX_NUV": 1.6617906508900804,
        "HSC_Y": 0.5486042944355711,
        "HSC_g": -0.1004962789909053,
        "HSC_i": 0.3822997775799825,
        "HSC_i2": 0.3940912199785226,
        "HSC_r": 0.14244491671381238,
        "HSC_r2": 0.1436132874753628,
        "HSC_z": 0.5131344334173118,
        "LSST_g": -0.09953812415364369,
        "LSST_i": 0.36289892923935885,
        "LSST_r": 0.14661485653583178,
        "LSST_u": 0.6417911975387529,
        "LSST_y": 0.5466083665474974,
        "LSST_z": 0.5073978180142668,
        "MzLS_z": 0.518729885576661,
        "SDSS_g": -0.10591218115027329,
        "SDSS_i": 0.35575085540603535,
        "SDSS_r": 0.1424988257715102,
        "SDSS_u": 0.916307531970178,
        "SDSS_z": 0.5208942026802013,
        "UKIDSS_H": 1.3520471317250795,
        "UKIDSS_J": 0.9152606087248839,
        "UKIDSS_K": 1.8713980229183953,
        "UKIDSS_Y": 0.6147726766033728,
        "UKIDSS_Z": 0.5131670489550898,
        "VISTA_H": 1.3603375970963005,
        "VISTA_J": 0.9165941107322068,
        "VISTA_Ks": 1.8214404755932185,
        "VISTA_Y": 0.5991470475407443,
        "VISTA_Z": 0.5117911999718673,
        "WISE_W1": 2.665607137672876,
        "WISE_W2": 3.305247080371095,
        "WISE_W3": 5.1394278586438515,
        "WISE_W4": 6.614548834707832
    },
    "Vega_zeropoints": {
        "BOK_g_Vega": 0.01535034,
        "BOK_r_Vega": 0.009710702,
        "DECam_Y_Vega": 0.003316464,
        "DECam_g_Vega": 0.01903633,
        "DECam_i_Vega": 0.01283454,
        "DECam_r_Vega": 0.01684878,
        "DECam_u_Vega": 0.0008177943,
        "DECam_z_Vega": 0.009031628,
        "Euclid_H_Vega": 0.004253855,
        "Euclid_J_Vega": 0.007092825,
        "Euclid_Y_Vega": 0.007743718,
        "GALEX_FUV_Vega": 0.09411333,
        "GALEX_NUV_Vega": 0.4638133,
        "HSC_Y_Vega": 0.001906473,
        "HSC_g_Vega": 0.01499526,
        "HSC_i2_Vega": 0.007188806,
        "HSC_i_Vega": 0.007408029,
        "HSC_r2_Vega": 0.01270496,
        "HSC_r_Vega": 0.01130978,
        "HSC_z_Vega": 0.002803254,
        "LSST_g_Vega": 0.1423635,
        "LSST_i_Vega": 0.05861893,
        "LSST_r_Vega": 0.09468552,
        "LSST_u_Vega": 0.01782632,
        "LSST_y_Vega": 0.01643208,
        "LSST_z_Vega": 0.03521813,
        "MzLS_z_Vega": 0.004706509,
        "SDSS_g_Vega": 0.01071783,
        "SDSS_i_Vega": 0.00462498,
        "SDSS_r_Vega": 0.008455695,
        "SDSS_u_Vega": 0.0007986921,
        "SDSS_z_Vega": 0.0006676051,
        "UKIDSS_H_Vega": 0.001409765,
        "UKIDSS_J_Vega": 0.001179108,
        "UKIDSS_K_Vega": 0.0006859715,
        "UKIDSS_Y_Vega": 0.001119803,
        "UKIDSS_Z_Vega": 0.001284425,
        "VISTA_H_Vega": 0.005122664,
        "VISTA_J_Vega": 0.005395487,
        "VISTA_Ks_Vega": 0.002727685,
        "VISTA_Y_Vega": 0.004610067,
        "VISTA_Z_Vega": 0.007195167,
        "WISE_W1_Vega": 0.001671269,
        "WISE_W2_Vega": 0.0008870422,
        "WISE_W3_Vega": 0.0002196705,
        "WISE_W4_Vega": 1.315601e-05
    }
}